{
  "Forms" : {
    "transaction" : "Forms",
    "sampleCount" : 1000,
    "errorCount" : 0,
    "errorPct" : 0.0,
    "meanResTime" : 446.1499999999999,
    "medianResTime" : 440.0,
    "minResTime" : 436.0,
    "maxResTime" : 1876.0,
    "pct1ResTime" : 441.0,
    "pct2ResTime" : 443.0,
    "pct3ResTime" : 597.98,
    "throughput" : 3.432133002018094,
    "receivedKBytesPerSec" : 12.81687167941132,
    "sentKBytesPerSec" : 0.7842960180392912
  },
  "AlertsWindows-1" : {
    "transaction" : "AlertsWindows-1",
    "sampleCount" : 1000,
    "errorCount" : 0,
    "errorPct" : 0.0,
    "meanResTime" : 223.68300000000005,
    "medianResTime" : 221.0,
    "minResTime" : 219.0,
    "maxResTime" : 1879.0,
    "pct1ResTime" : 222.0,
    "pct2ResTime" : 223.0,
    "pct3ResTime" : 236.99,
    "throughput" : 3.434573099736568,
    "receivedKBytesPerSec" : 11.524602705756688,
    "sentKBytesPerSec" : 0.4192594115889366
  },
  "Index" : {
    "transaction" : "Index",
    "sampleCount" : 2000,
    "errorCount" : 162,
    "errorPct" : 8.1,
    "meanResTime" : 12170.368999999986,
    "medianResTime" : 11531.5,
    "minResTime" : 976.0,
    "maxResTime" : 35621.0,
    "pct1ResTime" : 18771.4,
    "pct2ResTime" : 21559.85,
    "pct3ResTime" : 28416.88,
    "throughput" : 53.831453718407666,
    "receivedKBytesPerSec" : 986.9742338690685,
    "sentKBytesPerSec" : 12.606890131685194
  },
  "Elements" : {
    "transaction" : "Elements",
    "sampleCount" : 1000,
    "errorCount" : 0,
    "errorPct" : 0.0,
    "meanResTime" : 475.54200000000014,
    "medianResTime" : 440.0,
    "minResTime" : 437.0,
    "maxResTime" : 24447.0,
    "pct1ResTime" : 442.0,
    "pct2ResTime" : 447.94999999999993,
    "pct3ResTime" : 612.6900000000003,
    "throughput" : 3.424188467333242,
    "receivedKBytesPerSec" : 12.797235609847965,
    "sentKBytesPerSec" : 0.8025441720312285
  },
  "Logout-1" : {
    "transaction" : "Logout-1",
    "sampleCount" : 100,
    "errorCount" : 0,
    "errorPct" : 0.0,
    "meanResTime" : 150.0899999999999,
    "medianResTime" : 148.0,
    "minResTime" : 146.0,
    "maxResTime" : 292.0,
    "pct1ResTime" : 151.0,
    "pct2ResTime" : 153.0,
    "pct3ResTime" : 290.6799999999993,
    "throughput" : 3.6384805705137535,
    "receivedKBytesPerSec" : 13.867159074370543,
    "sentKBytesPerSec" : 2.561859854824625
  },
  "Logout-0" : {
    "transaction" : "Logout-0",
    "sampleCount" : 100,
    "errorCount" : 0,
    "errorPct" : 0.0,
    "meanResTime" : 199.14,
    "medianResTime" : 148.0,
    "minResTime" : 146.0,
    "maxResTime" : 5123.0,
    "pct1ResTime" : 153.0,
    "pct2ResTime" : 154.95,
    "pct3ResTime" : 5073.649999999975,
    "throughput" : 3.6383481899217753,
    "receivedKBytesPerSec" : 5.216197471348008,
    "sentKBytesPerSec" : 2.4480682645079135
  },
  "DemoQA-1" : {
    "transaction" : "DemoQA-1",
    "sampleCount" : 193,
    "errorCount" : 0,
    "errorPct" : 0.0,
    "meanResTime" : 4953.3419689119155,
    "medianResTime" : 3877.0,
    "minResTime" : 666.0,
    "maxResTime" : 19216.0,
    "pct1ResTime" : 10945.6,
    "pct2ResTime" : 13170.9,
    "pct3ResTime" : 19170.88,
    "throughput" : 7.8166133408934435,
    "receivedKBytesPerSec" : 26.228401796201045,
    "sentKBytesPerSec" : 0.8549420841602203
  },
  "DemoQA-0" : {
    "transaction" : "DemoQA-0",
    "sampleCount" : 193,
    "errorCount" : 0,
    "errorPct" : 0.0,
    "meanResTime" : 7849.699481865283,
    "medianResTime" : 6267.0,
    "minResTime" : 1525.0,
    "maxResTime" : 20228.0,
    "pct1ResTime" : 16782.0,
    "pct2ResTime" : 20224.3,
    "pct3ResTime" : 20227.06,
    "throughput" : 9.357575757575757,
    "receivedKBytesPerSec" : 3.4999526515151516,
    "sentKBytesPerSec" : 1.0234848484848484
  },
  "Widgets" : {
    "transaction" : "Widgets",
    "sampleCount" : 1000,
    "errorCount" : 0,
    "errorPct" : 0.0,
    "meanResTime" : 441.09799999999984,
    "medianResTime" : 440.0,
    "minResTime" : 437.0,
    "maxResTime" : 621.0,
    "pct1ResTime" : 441.0,
    "pct2ResTime" : 443.0,
    "pct3ResTime" : 481.8700000000001,
    "throughput" : 3.4318032066769164,
    "receivedKBytesPerSec" : 12.82234284057215,
    "sentKBytesPerSec" : 0.7976261359268614
  },
  "Authenticate" : {
    "transaction" : "Authenticate",
    "sampleCount" : 100,
    "errorCount" : 0,
    "errorPct" : 0.0,
    "meanResTime" : 820.7799999999997,
    "medianResTime" : 297.0,
    "minResTime" : 293.0,
    "maxResTime" : 11823.0,
    "pct1ResTime" : 1260.6000000000015,
    "pct2ResTime" : 5874.799999999999,
    "pct3ResTime" : 11800.879999999988,
    "throughput" : 3.6189924724956573,
    "receivedKBytesPerSec" : 17.167030073827444,
    "sentKBytesPerSec" : 5.43909122575275
  },
  "Inicio" : {
    "transaction" : "Inicio",
    "sampleCount" : 1000,
    "errorCount" : 1,
    "errorPct" : 0.1,
    "meanResTime" : 1443.987,
    "medianResTime" : 1104.0,
    "minResTime" : 1097.0,
    "maxResTime" : 21040.0,
    "pct1ResTime" : 1111.9,
    "pct2ResTime" : 2219.8999999999714,
    "pct3ResTime" : 11903.2,
    "throughput" : 3.3243686192899817,
    "receivedKBytesPerSec" : 12.394291570814037,
    "sentKBytesPerSec" : 0.7264784298342136
  },
  "Logout" : {
    "transaction" : "Logout",
    "sampleCount" : 100,
    "errorCount" : 0,
    "errorPct" : 0.0,
    "meanResTime" : 349.36000000000007,
    "medianResTime" : 297.0,
    "minResTime" : 293.0,
    "maxResTime" : 5416.0,
    "pct1ResTime" : 303.9,
    "pct2ResTime" : 306.95,
    "pct3ResTime" : 5365.209999999974,
    "throughput" : 3.6187305493232973,
    "receivedKBytesPerSec" : 18.979959017876528,
    "sentKBytesPerSec" : 4.982822338423681
  },
  "Interaction-1" : {
    "transaction" : "Interaction-1",
    "sampleCount" : 1000,
    "errorCount" : 0,
    "errorPct" : 0.0,
    "meanResTime" : 222.3240000000002,
    "medianResTime" : 221.0,
    "minResTime" : 219.0,
    "maxResTime" : 397.0,
    "pct1ResTime" : 222.0,
    "pct2ResTime" : 223.0,
    "pct3ResTime" : 315.7800000000002,
    "throughput" : 3.4343136009121538,
    "receivedKBytesPerSec" : 11.523731965560705,
    "sentKBytesPerSec" : 0.41252009073456536
  },
  "Index-0" : {
    "transaction" : "Index-0",
    "sampleCount" : 1999,
    "errorCount" : 0,
    "errorPct" : 0.0,
    "meanResTime" : 5100.906453226629,
    "medianResTime" : 2719.0,
    "minResTime" : 355.0,
    "maxResTime" : 31700.0,
    "pct1ResTime" : 15307.0,
    "pct2ResTime" : 16614.0,
    "pct3ResTime" : 19032.0,
    "throughput" : 59.605808510003875,
    "receivedKBytesPerSec" : 13.34029742336822,
    "sentKBytesPerSec" : 7.276099671631333
  },
  "AlertsWindows-0" : {
    "transaction" : "AlertsWindows-0",
    "sampleCount" : 1000,
    "errorCount" : 0,
    "errorPct" : 0.0,
    "meanResTime" : 219.7670000000002,
    "medianResTime" : 219.0,
    "minResTime" : 217.0,
    "maxResTime" : 838.0,
    "pct1ResTime" : 220.0,
    "pct2ResTime" : 220.0,
    "pct3ResTime" : 221.0,
    "throughput" : 3.43462028555433,
    "receivedKBytesPerSec" : 1.3282320635542137,
    "sentKBytesPerSec" : 0.4192651715764563
  },
  "Index-1" : {
    "transaction" : "Index-1",
    "sampleCount" : 1999,
    "errorCount" : 161,
    "errorPct" : 8.054027,
    "meanResTime" : 7058.100550275141,
    "medianResTime" : 5234.0,
    "minResTime" : 268.0,
    "maxResTime" : 33476.0,
    "pct1ResTime" : 16483.0,
    "pct2ResTime" : 17516.0,
    "pct3ResTime" : 23727.0,
    "throughput" : 54.33541723294374,
    "receivedKBytesPerSec" : 984.4761070008834,
    "sentKBytesPerSec" : 6.098538580456646
  },
  "Interaction-0" : {
    "transaction" : "Interaction-0",
    "sampleCount" : 1000,
    "errorCount" : 0,
    "errorPct" : 0.0,
    "meanResTime" : 219.12200000000013,
    "medianResTime" : 219.0,
    "minResTime" : 218.0,